"0","p1 = ggplot(data = data.frame(""Player"" = winning_cards[2,]/winning_cards[1,10], ""Index"" = 0:9)) + "
"0","  geom_col(aes(x = Index, y = Player)) + "
"0","  labs(x=""Card"",y = ""Exp. # of Card in Hand"", title = ""Player"") + "
"0","  scale_x_continuous(breaks = 0:9, labels = c(""Ace"", 10, 2:9)) "
"0","p2 = ggplot(data = data.frame(""Dealer"" = winning_cards[4,]/winning_cards[3,10], ""Index"" = 0:9)) + "
"0","  geom_col(aes(x = Index, y = Dealer)) + "
"0","  labs(x=""Card"",y = ""Exp. # of Card in Hand"", title = ""Dealer"") + "
"0","  scale_x_continuous(breaks = 0:9, labels = c(""Ace"", 10, 2:9)) "
"0",""
"0","p3 = ggplot(data = data.frame(Player = winning_cards[1,3:6]/winning_cards[1,10], ""Index"" = 2:5)) + "
"0","  geom_col(aes(x = Index, y = Player)) + "
"0","  labs(x=""Number of Cards in Winning Hand"",y = ""Proportion"", title = ""Player"") + "
"0","  scale_x_continuous(breaks = 0:8) + "
"0","  ylim(c(0,0.625))"
"0","p4 = ggplot(data = data.frame(Dealer = winning_cards[3,3:6]/winning_cards[3,10], ""Index"" = 2:5)) + "
"0","  geom_col(aes(x = Index, y = Dealer)) + "
"0","  labs(x=""Number of Cards in Winning Hand"",y = ""Proportion"", title = ""Dealer"") + "
"0","  scale_x_continuous(breaks = 0:8) +"
"0","  ylim(c(0,0.625)) "
"0","grid.arrange(p1, p2, p3, p4, ncol=2)"
