"0","ggplot(test_plot_data, aes(x = Type, y = value, fill = Type)) + "
"0","geom_violin(bw = 2, width=0.5) +"
"0","geom_boxplot(width=0.2, ) +"
"0","labs(x=""Percentage of Data Misclassified"", y = ""Expected Return (Units of Bet)"") + "
"0","  scale_fill_discrete(name = ""Loss Rate"", labels = c(as.character(sum(bad_gambler_data$Optimal < 0)/length(bad_gambler_data$Optimal)),"
"0","                                                     as.character(sum(bad_gambler_data$Ten     < 0)/length(bad_gambler_data$Optimal)),"
"0","                                                     as.character(sum(bad_gambler_data$Twenty  < 0)/length(bad_gambler_data$Optimal)),"
"0","                                                     as.character(sum(bad_gambler_data$Thirty  < 0)/length(bad_gambler_data$Optimal)))) +"
"0"," theme(aspect.ratio=.4)"
