"0","start = Sys.time()
perfect = import_perfect(number_of_decks = 1)
perfect_strategy = data_analysis(perfect, number_of_decks = 1)
accuracy(perfect_strategy, full_strategy_par(number_of_simulations = 10, surrender_on_blackjack = F, number_of_decks = 1)) #  0.9056575
"
"1","[1]"
"1"," 0.9101427"
"1","
"
"0","accuracy(perfect_strategy, full_strategy_par(number_of_simulations = 50, surrender_on_blackjack = F, number_of_decks = 1)) # 0.9525484"
"1","[1]"
"1"," 0.9544852"
"1","
"
"0","accuracy(perfect_strategy, full_strategy_par(number_of_simulations = 100, surrender_on_blackjack = F, number_of_decks = 1)) # 0.9663099"
"1","[1]"
"1"," 0.966157"
"1","
"
"0","accuracy(perfect_strategy, full_strategy_par(number_of_simulations = 1000, surrender_on_blackjack = F, number_of_decks = 1)) # 0.988634"
"1","[1]"
"1"," 0.9876656"
"1","
"
"0","Sys.time() - start"
"1","Time difference of "
"1",""
"1","1.824931"
"1",""
"1"," "
"1",""
"1","mins"
"1",""
"1","
"
