"0","start = Sys.time()"
"0","count = 0"
"0","win_prob1 = 0"
"0","win_prob2 = 0"
"0","win_prob3 = 0"
"0","runs = 1"
"0","converge1 = rep(0,10^4)"
"0","converge2 = rep(0,10^4)"
"0","converge3 = rep(0,10^4)"
"0","while (count < 10**7){"
"0","  win_prob1 = win_prob1 + stick_probability(count = as.integer(1), player_score = 19 , base_hand = c(0,3,5,5), number_of_decks = 1)#How many games has seed 1 won?"
"0","  win_prob2 = win_prob2 + stick_probability(count = as.integer(1), player_score = 19 , base_hand = c(0,3,5,5), number_of_decks = 1)#How many games has seed 2 won?"
"0","  win_prob3 = win_prob3 + stick_probability(count = as.integer(1), player_score = 19 , base_hand = c(0,3,5,5), number_of_decks = 1)#How many games has seed 3 won?"
"0","  count = count + 1"
"0","  if (count %% 10**3 == 0){"
"0","    converge1[runs] = win_prob1/count#The ratio of games won"
"0","    converge2[runs] = win_prob2/count#The ratio of games won"
"0","    converge3[runs] = win_prob3/count#The ratio of games won"
"0","    runs = runs + 1 "
"0","  }"
"0","}"
"0","Sys.time() - start"
"1","Time difference of "
"1",""
"1","3.616656"
"1",""
"1"," "
"1",""
"1","mins"
"1",""
"1","
"
