"0","start = Sys.time()"
"0","strat_par = full_strategy_par(number_of_simulations = 1000, blackjack_return = 1.5, include_double_down = T, include_surrender = T, include_split = 0, number_of_decks = 1, surrender_on_blackjack = T)"
"0","for(i in sample(names(strat_par), as.integer(length(sample(names(strat_par)))*0.3), replace = FALSE, prob = NULL)){"
"0","  strat_par[[i]] = as.integer(runif(1,0,3))"
"0","}"
"0","gambler_data_vector =  play_games_gambler(count = 50L, repeats  = 10000, blackjack_return = 1.5,  index = as.numeric(names(strat_par)), optimal = values(strat_par))"
"0","bad_gambler_data   = data.frame(""Thirty"" = gambler_data_vector)"
"0",""
"0","strat_par = full_strategy_par(number_of_simulations = 1000, blackjack_return = 1.5, include_double_down = T, include_surrender = T, include_split = 0, number_of_decks = 1, surrender_on_blackjack = T)"
"0","for(i in sample(names(strat_par), as.integer(length(sample(names(strat_par)))*0.2), replace = FALSE, prob = NULL)){"
"0","  strat_par[[i]] = as.integer(runif(1,0,3))"
"0","}"
"0","bad_gambler_data[""Twenty""] =  play_games_gambler(count = 50L, repeats  = 10000, blackjack_return = 1.5,  index = as.numeric(names(strat_par)), optimal = values(strat_par))"
"0",""
"0","strat_par = full_strategy_par(number_of_simulations = 1000, blackjack_return = 1.5, include_double_down = T, include_surrender = T, include_split = 0, number_of_decks = 1, surrender_on_blackjack = T)"
"0","for(i in sample(names(strat_par), as.integer(length(sample(names(strat_par)))*0.1), replace = FALSE, prob = NULL)){"
"0","  strat_par[[i]] = as.integer(runif(1,0,3))"
"0","}"
"0","bad_gambler_data[""Ten""] =  play_games_gambler(count = 50L, repeats  = 10000, blackjack_return = 1.5,  index = as.numeric(names(strat_par)), optimal = values(strat_par))"
"0",""
"0","strat_par = full_strategy_par(number_of_simulations = 1000, blackjack_return = 1.5, include_double_down = T, include_surrender = T, include_split = 0, number_of_decks = 1, surrender_on_blackjack = T)"
"0","bad_gambler_data[""Optimal""] =  play_games_gambler(count = 50L, repeats  = 10000, blackjack_return = 1.5,  index = as.numeric(names(strat_par)), optimal = values(strat_par))"
"0","Sys.time() - start"
"1","Time difference of "
"1",""
"1","2.462293"
"1",""
"1"," "
"1",""
"1","mins"
"1",""
"1","
"
