"0","ggplot(data = data.frame(""Seed_1"" = log(abs(converge1 - 0.4828033),10),""Seed_2"" = log(abs(converge2 - 0.4828033),10),""Seed_3"" = log(abs(converge3 - 0.4828033),10), ""index"" = (0:(10000-1))*1000)) + "
"0","  geom_line(aes(x = index, y = Seed_1, color = as.factor(1))) +"
"0","  geom_line(aes(x = index, y = Seed_2, color = as.factor(2))) +"
"0","  geom_line(aes(x = index, y = Seed_3, color = as.factor(3))) +"
"0","  labs(color='Seed', x=""Simulations"",y = unname(TeX(c(""$Log_{10}|P_{Exact} - P_{Monte Carlo}|$"")))) + "
"0","  theme(aspect.ratio=1/3)"
