"0","ggplot(plot_data, aes(Trials, value, fill = factor(Trials))) + "
"0","  stat_summary(fun.data = f, geom=""boxplot"", position=position_dodge(1))+"
"0","  stat_summary(aes(color=factor(Trials)),fun = q, geom=""point"", position=position_dodge(1))+"
"0","  facet_grid(.~Type, scales=""free_y"")+"
"0","  theme(legend.position = ""none"") +"
"0","  labs(x=""Simulations Used to Generate Strategy"", y = ""Expected Return (Units of Bet)"") +"
"0","  theme(axis.text.x = element_text(angle=45, vjust=1, hjust=1)) "
